source,species,filename
rls_Maria,Ahermatypic_corals,1095916.jpg
rls_Maria,Ahermatypic_corals,1095920.jpg
rls_Maria,Ahermatypic_corals,8372212.jpg
rls_Maria,Ascidians_stalked,1095892.jpg
rls_Maria,Ascidians_stalked,1095915.jpg
rls_Maria,Ascidians_stalked,5146398.jpg
rls_Maria,Ascidians_unstalked,1057778.jpg
rls_Maria,Ascidians_unstalked,1095893.jpg
rls_Maria,Ascidians_unstalked,1095909.jpg
rls_Maria,Ascidians_unstalked,2005570.jpg
rls_Maria,Ascidians_unstalked,3322146.jpg
rls_Maria,Bare_Rock,1057785.jpg
rls_Maria,Bare_Rock,1544796.jpg
rls_Maria,Bare_Rock,4998760.jpg
rls_Maria,Barnacles,1122659.jpg
rls_Maria,Brown_algae_coarse_branching,1149319.jpg
rls_Maria,Brown_algae_coarse_branching,2029151.jpg
rls_Maria,Brown_algae_laminate,1117459.jpg
rls_Maria,Brown_algae_laminate,4998941.jpg
rls_Maria,Bryozoan_hard,1095922.jpg
rls_Maria,Bryozoan_hard,1095926.jpg
rls_Maria,Bryozoan_hard,3322147.jpg
rls_Maria,Bryozoan_soft,1057734.jpg
rls_Maria,Bryozoan_soft,1095921.jpg
rls_Maria,Bryozoan_soft,1129621.jpg
rls_Maria,Bryozoan_soft,14331198.jpg
rls_Maria,Bryozoan_soft,5000831.jpg
rls_Maria,Bryozoan_soft,8372274.jpg
rls_Maria,Caulerpa_coarse_branching,1095845.jpg
rls_Maria,Caulerpa_coarse_branching,1095931.jpg
rls_Maria,Caulerpa_coarse_branching,1524508.jpg
rls_Maria,Caulerpa_fine_branching,1057732.jpg
rls_Maria,Caulerpa_fine_branching,1057782.jpg
rls_Maria,Caulerpa_fine_branching,1057804.jpg
rls_Maria,Caulerpa_fine_branching,1095843.jpg
rls_Maria,Caulerpa_fine_branching,2028845.jpg
rls_Maria,Caulocystis_cephalornithos,1205813.jpg
rls_Maria,Cobble,4986563.jpg
rls_Maria,Cobble,4998761.jpg
rls_Maria,Codium,1057800.jpg
rls_Maria,Codium,1205815.jpg
rls_Maria,Colonial_anemones_and_corallimorphs,1057793.jpg
rls_Maria,Colonial_anemones_and_corallimorphs,1095913.jpg
rls_Maria,Colonial_anemones_and_corallimorphs,1404562.jpg
rls_Maria,Crustose_coralline_algae,1057721.jpg
rls_Maria,Crustose_coralline_algae,1057728.jpg
rls_Maria,Crustose_coralline_algae,1057735.jpg
rls_Maria,Crustose_coralline_algae,1095838.jpg
rls_Maria,Crustose_coralline_algae,1122631.jpg
rls_Maria,Crustose_coralline_algae,4998762.jpg
rls_Maria,Crustose_coralline_algae,4998945.jpg
rls_Maria,Crustose_coralline_algae,5001375.jpg
rls_Maria,Crustose_coralline_algae,8372231.jpg
rls_Maria,Cystophora_moniliformis,1095840.jpg
rls_Maria,Cystophora_platylobium,14307031.jpg
rls_Maria,Cystophora_platylobium,14331066.jpg
rls_Maria,Cystophora_retroflexa,14306732.jpg
rls_Maria,Cystophora_retroflexa,14307014.jpg
rls_Maria,Cystophora_retroflexa,14307018.jpg
rls_Maria,Cystophora_retroflexa,14307019.jpg
rls_Maria,Cystophora_retroflexa,14307036.jpg
rls_Maria,Cystophora_retroflexa,14307045.jpg
rls_Maria,Dictyopteris,1117458.jpg
rls_Maria,Dictyopteris,1117840.jpg
rls_Maria,Dictyopteris,14307049.jpg
rls_Maria,Durvillaea,1128536.jpg
rls_Maria,Durvillaea,1128537.jpg
rls_Maria,Durvillaea,14306823.jpg
rls_Maria,Ecklonia_radiata,1057688.jpg
rls_Maria,Ecklonia_radiata,1057718.jpg
rls_Maria,Ecklonia_radiata,1095839.jpg
rls_Maria,Ecklonia_radiata,1205816.jpg
rls_Maria,Encrusting_leathery_algae,1057741.jpg
rls_Maria,Encrusting_leathery_algae,1057764.jpg
rls_Maria,Encrusting_leathery_algae,1073254.jpg
rls_Maria,Encrusting_leathery_algae,4998946.jpg
rls_Maria,Encrusting_leathery_algae,8721121.jpg
rls_Maria,Filamentous_brown_algae_epiphyte,1128395.jpg
rls_Maria,Filamentous_brown_algae_epiphyte,1128402.jpg
rls_Maria,Filamentous_brown_algae_epiphyte,14307033.jpg
rls_Maria,Filamentous_green_algae_epiphyte,1128481.jpg
rls_Maria,Filamentous_green_algae_epiphyte,1128493.jpg
rls_Maria,Filamentous_red_algae_epiphyte,1117432.jpg
rls_Maria,Filamentous_red_algae_epiphyte,1128492.jpg
rls_Maria,Geniculate_coralline_algae,1057713.jpg
rls_Maria,Geniculate_coralline_algae,1057797.jpg
rls_Maria,Geniculate_coralline_algae,1057801.jpg
rls_Maria,Geniculate_coralline_algae,1129622.jpg
rls_Maria,Geniculate_coralline_algae,5000798.jpg
rls_Maria,Geniculate_coralline_algae,8372248.jpg
rls_Maria,Halopteris_paniculata,Halopteris_paniculata.jpg
rls_Maria,Hydroids,1095911.jpg
rls_Maria,Hydroids,1095912.jpg
rls_Maria,Hydroids,1128509.jpg
rls_Maria,Lessonia_corrugata,1095930.jpg
rls_Maria,Macrocystis_pyrifera,1057746.jpg
rls_Maria,Macrocystis_pyrifera,14307029.jpg
rls_Maria,Macrocystis_pyrifera,14307030.jpg
rls_Maria,Macrocystis_pyrifera,14522280.jpg
rls_Maria,Macrocystis_pyrifera,14522281.jpg
rls_Maria,Pebbles_or_gravel_or_shell,1057787.jpg
rls_Maria,Pebbles_or_gravel_or_shell,1128495.jpg
rls_Maria,Pebbles_or_gravel_or_shell,4986566.jpg
rls_Maria,Perithalia_caudata,14306797.jpg
rls_Maria,Perithalia_caudata,14331015.jpg
rls_Maria,Phyllospora_comosa,1057745.jpg
rls_Maria,Phyllospora_comosa,1057789.jpg
rls_Maria,Phyllospora_comosa,14307020.jpg
rls_Maria,Phyllospora_comosa,14307021.jpg
rls_Maria,Polychaete,1095918.jpg
rls_Maria,Polychaete,1632083.jpg
rls_Maria,Red_algae_coarse_branching,1057759.jpg
rls_Maria,Red_algae_coarse_branching,2013564.jpg
rls_Maria,Red_algae_coarse_branching,4986562.jpg
rls_Maria,Red_algae_coarse_branching,4986564.jpg
rls_Maria,Red_algae_coarse_branching,5001350.jpg
rls_Maria,Red_algae_fine_branching,1057742.jpg
rls_Maria,Red_algae_fine_branching,1057763.jpg
rls_Maria,Red_algae_fine_branching,1057772.jpg
rls_Maria,Red_algae_fine_branching,1057802.jpg
rls_Maria,Red_algae_fine_branching,1058687.jpg
rls_Maria,Red_algae_fine_branching,1095895.jpg
rls_Maria,Red_algae_fine_branching,1129623.jpg
rls_Maria,Red_algae_fine_branching,1205868.jpg
rls_Maria,Red_algae_fine_branching,14307028.jpg
rls_Maria,Red_algae_fine_branching,14331196.jpg
rls_Maria,Red_algae_fine_branching,4986560.jpg
rls_Maria,Red_algae_fine_branching,4998833.jpg
rls_Maria,Red_algae_laminate,14331197.jpg
rls_Maria,Red_algae_sheet_like,4986565.jpg
rls_Maria,Sand,1057780.jpg
rls_Maria,Sargassum,1057760.jpg
rls_Maria,Sargassum,1095841.jpg
rls_Maria,Sargassum,1138437.jpg
rls_Maria,Sargassum,14306730.jpg
rls_Maria,Sargassum,14306731.jpg
rls_Maria,Sargassum,14307015.jpg
rls_Maria,Sargassum,14307032.jpg
rls_Maria,Sargassum,14307048.jpg
rls_Maria,Sargassum,14307056.jpg
rls_Maria,Scaberia_aghardhii,2028759.jpg
rls_Maria,Seagrass_Halophila,1117586.jpg
rls_Maria,Seagrass_Halophila,1117812.jpg
rls_Maria,Seagrass_straplike,1057805.jpg
rls_Maria,Seagrass_straplike,1095932.jpg
rls_Maria,Seagrass_straplike,1128396.jpg
rls_Maria,Seagrass_straplike,1996586.jpg
rls_Maria,Seirococcus_axillaris,14307017.jpg
rls_Maria,Seirococcus_axillaris,14307037.jpg
rls_Maria,Seirococcus_axillaris,14307059.jpg
rls_Maria,Sessile_bivalves,1122629.jpg
rls_Maria,Sessile_bivalves,1128494.jpg
rls_Maria,Sessile_bivalves,1165938.jpg
rls_Maria,Sessile_bivalves,1184130.jpg
rls_Maria,Soft_corals_and_gorgonians,1057799.jpg
rls_Maria,Soft_corals_and_gorgonians,1057803.jpg
rls_Maria,Soft_corals_and_gorgonians,1095874.jpg
rls_Maria,Soft_corals_and_gorgonians,5000829.jpg
rls_Maria,Soft_corals_and_gorgonians,5001376.jpg
rls_Maria,Solitary_Anemones,1095923.jpg
rls_Maria,Solitary_Anemones,1128497.jpg
rls_Maria,Sponges_encrusting,1057757.jpg
rls_Maria,Sponges_encrusting,1095925.jpg
rls_Maria,Sponges_encrusting,1095929.jpg
rls_Maria,Sponges_encrusting,1095953.jpg
rls_Maria,Sponges_encrusting,4998943.jpg
rls_Maria,Sponges_encrusting,5000827.jpg
rls_Maria,Sponges_encrusting,5142963.jpg
rls_Maria,Sponges_encrusting,8372276.jpg
rls_Maria,Sponges_erect,1057740.jpg
rls_Maria,Sponges_erect,1057779.jpg
rls_Maria,Sponges_erect,1095842.jpg
rls_Maria,Sponges_erect,1095894.jpg
rls_Maria,Sponges_erect,4998836.jpg
rls_Maria,Sponges_erect,5000828.jpg
rls_Maria,Sponges_erect,8372251.jpg
rls_Maria,Sponges_hollow,1057733.jpg
rls_Maria,Sponges_hollow,1117145.jpg
rls_Maria,Sponges_hollow,1394335.jpg
rls_Maria,Sponges_hollow,8372249.jpg
rls_Maria,Sponges_massive,1095846.jpg
rls_Maria,Sponges_massive,1095847.jpg
rls_Maria,Sponges_massive,1095863.jpg
rls_Maria,Sponges_massive,4998835.jpg
rls_Maria,Sponges_massive,8372281.jpg
rls_Maria,Turfing_algae,1057720.jpg
rls_Maria,Turfing_algae,1057729.jpg
rls_Maria,Turfing_algae,1057739.jpg
rls_Maria,Turfing_algae,1057776.jpg
rls_Maria,Turfing_algae,1057788.jpg
rls_Maria,Turfing_algae,1058685.jpg
rls_Maria,Turfing_algae,1095836.jpg
rls_Maria,Turfing_algae,1095889.jpg
rls_Maria,Turfing_algae,1128503.jpg
rls_Maria,Ulva,1057758.jpg
rls_Maria,Ulva,1128496.jpg
rls_Maria,Undaria_pinnatifida,1205812.jpg
rls_Maria,Xiphophora_gladiata,14307022.jpg
rls_Maria,Zonaria,1057762.jpg
rls_Maria,Zonaria,1057796.jpg
rls_Maria,Zonaria,14307053.jpg
rls_Maria,Zonaria,14307055.jpg
rls_Maria,Zonaria,4998942.jpg
rls_RRH,Acrocarpia_paniculata,14307023.jpg
rls_RRH,Acrocarpia_paniculata,14307025.jpg
rls_RRH,Acrocarpia_paniculata,14331195.jpg
rls_RRH,Ahermatypic_corals,1095916.jpg
rls_RRH,Ahermatypic_corals,1095920.jpg
rls_RRH,Ahermatypic_corals,14522704.jpg
rls_RRH,Ahermatypic_corals,8372212.jpg
rls_RRH,Ascidians_stalked,1095892.jpg
rls_RRH,Ascidians_stalked,1095915.jpg
rls_RRH,Ascidians_stalked,1117460.jpg
rls_RRH,Ascidians_stalked,4998838.jpg
rls_RRH,Ascidians_stalked,5146398.jpg
rls_RRH,Ascidians_unstalked,1057719.jpg
rls_RRH,Ascidians_unstalked,1057778.jpg
rls_RRH,Ascidians_unstalked,1095893.jpg
rls_RRH,Ascidians_unstalked,1095909.jpg
rls_RRH,Ascidians_unstalked,1095951.jpg
rls_RRH,Ascidians_unstalked,1197535.jpg
rls_RRH,Ascidians_unstalked,2005570.jpg
rls_RRH,Ascidians_unstalked,3322146.jpg
rls_RRH,Ascidians_unstalked,5142964.jpg
rls_RRH,Bare_Rock,1057785.jpg
rls_RRH,Bare_Rock,1182024.jpg
rls_RRH,Bare_Rock,1544796.jpg
rls_RRH,Bare_Rock,4998758.jpg
rls_RRH,Bare_Rock,4998760.jpg
rls_RRH,Barnacles,1122659.jpg
rls_RRH,Black_&_Octocorals,8372282.jpg
rls_RRH,Bryozoan_hard,1057738.jpg
rls_RRH,Bryozoan_hard,1095922.jpg
rls_RRH,Bryozoan_hard,1095926.jpg
rls_RRH,Bryozoan_hard,3322147.jpg
rls_RRH,Bryozoan_soft,1057734.jpg
rls_RRH,Bryozoan_soft,1095921.jpg
rls_RRH,Bryozoan_soft,1129621.jpg
rls_RRH,Bryozoan_soft,14307057.jpg
rls_RRH,Bryozoan_soft,14331198.jpg
rls_RRH,Bryozoan_soft,5000831.jpg
rls_RRH,Bryozoan_soft,8372274.jpg
rls_RRH,Carpoglossum_confluens,1057761.jpg
rls_RRH,Carpoglossum_confluens,14306776.jpg
rls_RRH,Carpoglossum_confluens,14307024.jpg
rls_RRH,Caulerpa_brownii,1057804.jpg
rls_RRH,Caulerpa_brownii,14307035.jpg
rls_RRH,Caulerpa_brownii,14307044.jpg
rls_RRH,Caulerpa_flexilis,1057732.jpg
rls_RRH,Caulerpa_flexilis,14306758.jpg
rls_RRH,Caulerpa_flexilis,14306759.jpg
rls_RRH,Caulerpa_flexilis,14306770.jpg
rls_RRH,Caulerpa_longifolia,1057782.jpg
rls_RRH,Caulerpa_longifolia,14307039.jpg
rls_RRH,Caulerpa_scalpelliformis,14307040.jpg
rls_RRH,Caulerpa_scalpelliformis,14307043.jpg
rls_RRH,Caulerpa_trifaria,14307042.jpg
rls_RRH,Caulerpa_trifaria,14331067.jpg
rls_RRH,Caulerpa_trifaria,14331068.jpg
rls_RRH,Cobble,4986563.jpg
rls_RRH,Cobble,4998761.jpg
rls_RRH,Colonial_anemones_and_corallimorphs,1057793.jpg
rls_RRH,Colonial_anemones_and_corallimorphs,1095913.jpg
rls_RRH,Colonial_anemones_and_corallimorphs,1165939.jpg
rls_RRH,Colonial_anemones_and_corallimorphs,1404562.jpg
rls_RRH,Crustose_coralline_algae,1057721.jpg
rls_RRH,Crustose_coralline_algae,1057728.jpg
rls_RRH,Crustose_coralline_algae,1057735.jpg
rls_RRH,Crustose_coralline_algae,1057743.jpg
rls_RRH,Crustose_coralline_algae,1057765.jpg
rls_RRH,Crustose_coralline_algae,1095838.jpg
rls_RRH,Crustose_coralline_algae,1122631.jpg
rls_RRH,Crustose_coralline_algae,14307026.jpg
rls_RRH,Crustose_coralline_algae,4998762.jpg
rls_RRH,Crustose_coralline_algae,4998945.jpg
rls_RRH,Crustose_coralline_algae,5001375.jpg
rls_RRH,Crustose_coralline_algae,8372231.jpg
rls_RRH,Cystophora_moniliformis,1095840.jpg
rls_RRH,Cystophora_platylobium,14307031.jpg
rls_RRH,Cystophora_platylobium,14331066.jpg
rls_RRH,Cystophora_retroflexa,14306732.jpg
rls_RRH,Cystophora_retroflexa,14307014.jpg
rls_RRH,Cystophora_retroflexa,14307018.jpg
rls_RRH,Cystophora_retroflexa,14307019.jpg
rls_RRH,Cystophora_retroflexa,14307036.jpg
rls_RRH,Cystophora_retroflexa,14307045.jpg
rls_RRH,Dictyopteris,1117458.jpg
rls_RRH,Dictyopteris,1117840.jpg
rls_RRH,Dictyopteris,14307049.jpg
rls_RRH,Durvillaea,1128536.jpg
rls_RRH,Durvillaea,1128537.jpg
rls_RRH,Durvillaea,14306823.jpg
rls_RRH,Ecklonia_radiata,1057688.jpg
rls_RRH,Ecklonia_radiata,1057718.jpg
rls_RRH,Ecklonia_radiata,1095839.jpg
rls_RRH,Ecklonia_radiata,1138546.jpg
rls_RRH,Ecklonia_radiata,1205816.jpg
rls_RRH,Ecklonia_radiata,14330358.jpg
rls_RRH,Encrusting_leathery_algae,1057741.jpg
rls_RRH,Encrusting_leathery_algae,1057764.jpg
rls_RRH,Encrusting_leathery_algae,1073254.jpg
rls_RRH,Encrusting_leathery_algae,1095888.jpg
rls_RRH,Encrusting_leathery_algae,4975436.jpg
rls_RRH,Encrusting_leathery_algae,4998946.jpg
rls_RRH,Encrusting_leathery_algae,4998947.jpg
rls_RRH,Encrusting_leathery_algae,8721121.jpg
rls_RRH,Filamentous_brown_algae_epiphyte,1057714.jpg
rls_RRH,Filamentous_brown_algae_epiphyte,1128395.jpg
rls_RRH,Filamentous_brown_algae_epiphyte,1128402.jpg
rls_RRH,Filamentous_brown_algae_epiphyte,1128504.jpg
rls_RRH,Filamentous_brown_algae_epiphyte,14307033.jpg
rls_RRH,Filamentous_green_algae_epiphyte,1128481.jpg
rls_RRH,Filamentous_green_algae_epiphyte,1128493.jpg
rls_RRH,Filamentous_red_algae_epiphyte,1117432.jpg
rls_RRH,Filamentous_red_algae_epiphyte,1128492.jpg
rls_RRH,Filamentous_red_algae_epiphyte,1138438.jpg
rls_RRH,Filamentous_red_algae_epiphyte,14307016.jpg
rls_RRH,Filamentous_red_algae_epiphyte,14307054.jpg
rls_RRH,Geniculate_coralline_algae,1057713.jpg
rls_RRH,Geniculate_coralline_algae,1057797.jpg
rls_RRH,Geniculate_coralline_algae,1057801.jpg
rls_RRH,Geniculate_coralline_algae,1129622.jpg
rls_RRH,Geniculate_coralline_algae,1201109.jpg
rls_RRH,Geniculate_coralline_algae,14331069.jpg
rls_RRH,Geniculate_coralline_algae,5000798.jpg
rls_RRH,Geniculate_coralline_algae,5000799.jpg
rls_RRH,Geniculate_coralline_algae,5000800.jpg
rls_RRH,Geniculate_coralline_algae,8372248.jpg
rls_RRH,Hydrocoral,1117372.jpg
rls_RRH,Hydrocoral,8792569.jpg
rls_RRH,Hydroids,1095911.jpg
rls_RRH,Hydroids,1095912.jpg
rls_RRH,Hydroids,1095914.jpg
rls_RRH,Hydroids,1128509.jpg
rls_RRH,Hydroids,1219866.jpg
rls_RRH,Large_polyp_stony_corals,1095948.jpg
rls_RRH,Large_polyp_stony_corals,1128508.jpg
rls_RRH,Large_polyp_stony_corals,1178708.jpg
rls_RRH,Lessonia_corrugata,1095930.jpg
rls_RRH,Macrocystis,1057746.jpg
rls_RRH,Macrocystis,14307029.jpg
rls_RRH,Macrocystis,14307030.jpg
rls_RRH,Macrocystis,14522280.jpg
rls_RRH,Macrocystis,14522281.jpg
rls_RRH,Medium_foliose_brown_algae,1095835.jpg
rls_RRH,Medium_foliose_brown_algae,1117459.jpg
rls_RRH,Medium_foliose_brown_algae,1128506.jpg
rls_RRH,Medium_foliose_brown_algae,1128507.jpg
rls_RRH,Medium_foliose_brown_algae,1149319.jpg
rls_RRH,Medium_foliose_brown_algae,1262717.jpg
rls_RRH,Medium_foliose_brown_algae,2029151.jpg
rls_RRH,Medium_foliose_brown_algae,4998941.jpg
rls_RRH,Medium_foliose_brown_algae,5000830.jpg
rls_RRH,Medium_foliose_green_algae,1057758.jpg
rls_RRH,Medium_foliose_green_algae,1057800.jpg
rls_RRH,Medium_foliose_green_algae,1128496.jpg
rls_RRH,Medium_foliose_green_algae,1205815.jpg
rls_RRH,Medium_foliose_red_algae,1057742.jpg
rls_RRH,Medium_foliose_red_algae,1057759.jpg
rls_RRH,Medium_foliose_red_algae,1057763.jpg
rls_RRH,Medium_foliose_red_algae,1057772.jpg
rls_RRH,Medium_foliose_red_algae,1057802.jpg
rls_RRH,Medium_foliose_red_algae,1058687.jpg
rls_RRH,Medium_foliose_red_algae,1095895.jpg
rls_RRH,Medium_foliose_red_algae,1128510.jpg
rls_RRH,Medium_foliose_red_algae,1129623.jpg
rls_RRH,Medium_foliose_red_algae,1205817.jpg
rls_RRH,Medium_foliose_red_algae,1205868.jpg
rls_RRH,Medium_foliose_red_algae,14307028.jpg
rls_RRH,Medium_foliose_red_algae,14331196.jpg
rls_RRH,Medium_foliose_red_algae,14331197.jpg
rls_RRH,Medium_foliose_red_algae,2013564.jpg
rls_RRH,Medium_foliose_red_algae,4986560.jpg
rls_RRH,Medium_foliose_red_algae,4986562.jpg
rls_RRH,Medium_foliose_red_algae,4986564.jpg
rls_RRH,Medium_foliose_red_algae,4986565.jpg
rls_RRH,Medium_foliose_red_algae,4998833.jpg
rls_RRH,Medium_foliose_red_algae,5001350.jpg
rls_RRH,Medium_foliose_red_algae,8372267.jpg
rls_RRH,Other_fucoids,1057715.jpg
rls_RRH,Other_fucoids,1057717.jpg
rls_RRH,Other_fucoids,1205813.jpg
rls_RRH,Other_fucoids,2028759.jpg
rls_RRH,Other_fucoids,5001351.jpg
rls_RRH,Other_fucoids,8000354.jpg
rls_RRH,Pebbles_or_gravel_or_shell,1057787.jpg
rls_RRH,Pebbles_or_gravel_or_shell,1128495.jpg
rls_RRH,Pebbles_or_gravel_or_shell,4986566.jpg
rls_RRH,Pebbles_or_gravel_or_shell,4986567.jpg
rls_RRH,Perithalia_caudata,14306797.jpg
rls_RRH,Perithalia_caudata,14331015.jpg
rls_RRH,Phyllospora,1057744.jpg
rls_RRH,Phyllospora,1057745.jpg
rls_RRH,Phyllospora,1057789.jpg
rls_RRH,Phyllospora,14307020.jpg
rls_RRH,Phyllospora,14307021.jpg
rls_RRH,Polychaete,1095918.jpg
rls_RRH,Polychaete,11771872.jpg
rls_RRH,Polychaete,1632083.jpg
rls_RRH,Sand,1057780.jpg
rls_RRH,Sargassum,1057760.jpg
rls_RRH,Sargassum,1058684.jpg
rls_RRH,Sargassum,1095841.jpg
rls_RRH,Sargassum,1138437.jpg
rls_RRH,Sargassum,14306730.jpg
rls_RRH,Sargassum,14306731.jpg
rls_RRH,Sargassum,14307015.jpg
rls_RRH,Sargassum,14307032.jpg
rls_RRH,Sargassum,14307047.jpg
rls_RRH,Sargassum,14307048.jpg
rls_RRH,Sargassum,14307056.jpg
rls_RRH,Seagrass_Halophila,1117586.jpg
rls_RRH,Seagrass_Halophila,1117812.jpg
rls_RRH,Seagrass_straplike,1057805.jpg
rls_RRH,Seagrass_straplike,1095932.jpg
rls_RRH,Seagrass_straplike,1128396.jpg
rls_RRH,Seagrass_straplike,1996586.jpg
rls_RRH,Seagrass_straplike,8177053.jpg
rls_RRH,Seirococcus_axillaris,14307017.jpg
rls_RRH,Seirococcus_axillaris,14307037.jpg
rls_RRH,Seirococcus_axillaris,14307059.jpg
rls_RRH,Sessile_bivalves,1122629.jpg
rls_RRH,Sessile_bivalves,1128494.jpg
rls_RRH,Sessile_bivalves,1165938.jpg
rls_RRH,Sessile_bivalves,1184130.jpg
rls_RRH,Slime_not_trapping_sediment,1066634.jpg
rls_RRH,Slime_not_trapping_sediment,1095887.jpg
rls_RRH,Slime_not_trapping_sediment,1200957.jpg
rls_RRH,Slime_not_trapping_sediment,1201008.jpg
rls_RRH,Slime_not_trapping_sediment,1205382.jpg
rls_RRH,Slime_not_trapping_sediment,4832502.jpg
rls_RRH,Slime_not_trapping_sediment,5001416.jpg
rls_RRH,Slime_not_trapping_sediment,5138719.jpg
rls_RRH,Slime_not_trapping_sediment,5143343.jpg
rls_RRH,Slime_not_trapping_sediment,5143344.jpg
rls_RRH,Small_foliose_turfing_algae,1116750.jpg
rls_RRH,Small_foliose_turfing_algae,4998948.jpg
rls_RRH,Soft_corals_and_gorgonians,1057727.jpg
rls_RRH,Soft_corals_and_gorgonians,1057730.jpg
rls_RRH,Soft_corals_and_gorgonians,1057792.jpg
rls_RRH,Soft_corals_and_gorgonians,1057794.jpg
rls_RRH,Soft_corals_and_gorgonians,1057799.jpg
rls_RRH,Soft_corals_and_gorgonians,1057803.jpg
rls_RRH,Soft_corals_and_gorgonians,1088768.jpg
rls_RRH,Soft_corals_and_gorgonians,1095874.jpg
rls_RRH,Soft_corals_and_gorgonians,1095910.jpg
rls_RRH,Soft_corals_and_gorgonians,1181984.jpg
rls_RRH,Soft_corals_and_gorgonians,1183071.jpg
rls_RRH,Soft_corals_and_gorgonians,1184077.jpg
rls_RRH,Soft_corals_and_gorgonians,14522365.jpg
rls_RRH,Soft_corals_and_gorgonians,14522366.jpg
rls_RRH,Soft_corals_and_gorgonians,14522367.jpg
rls_RRH,Soft_corals_and_gorgonians,2043215.jpg
rls_RRH,Soft_corals_and_gorgonians,4998827.jpg
rls_RRH,Soft_corals_and_gorgonians,4998837.jpg
rls_RRH,Soft_corals_and_gorgonians,5000829.jpg
rls_RRH,Soft_corals_and_gorgonians,5001376.jpg
rls_RRH,Soft_corals_and_gorgonians,5075496.jpg
rls_RRH,Soft_corals_and_gorgonians,5146399.jpg
rls_RRH,Soft_corals_and_gorgonians,6587049.jpg
rls_RRH,Soft_corals_and_gorgonians,8372275.jpg
rls_RRH,Soft_corals_and_gorgonians,8372280.jpg
rls_RRH,Solitary_Anemones,1095923.jpg
rls_RRH,Solitary_Anemones,1128497.jpg
rls_RRH,Solitary_Anemones,1165940.jpg
rls_RRH,Solitary_Anemones,8372219.jpg
rls_RRH,Sponges_encrusting,1057757.jpg
rls_RRH,Sponges_encrusting,1095925.jpg
rls_RRH,Sponges_encrusting,1095929.jpg
rls_RRH,Sponges_encrusting,1095953.jpg
rls_RRH,Sponges_encrusting,1260815.jpg
rls_RRH,Sponges_encrusting,4998943.jpg
rls_RRH,Sponges_encrusting,4998944.jpg
rls_RRH,Sponges_encrusting,5000827.jpg
rls_RRH,Sponges_encrusting,5138780.jpg
rls_RRH,Sponges_encrusting,5142963.jpg
rls_RRH,Sponges_encrusting,8372225.jpg
rls_RRH,Sponges_encrusting,8372257.jpg
rls_RRH,Sponges_encrusting,8372276.jpg
rls_RRH,Sponges_encrusting,8571235.jpg
rls_RRH,Sponges_erect,1057740.jpg
rls_RRH,Sponges_erect,1057779.jpg
rls_RRH,Sponges_erect,1088805.jpg
rls_RRH,Sponges_erect,1095842.jpg
rls_RRH,Sponges_erect,1095894.jpg
rls_RRH,Sponges_erect,1394336.jpg
rls_RRH,Sponges_erect,4998834.jpg
rls_RRH,Sponges_erect,4998836.jpg
rls_RRH,Sponges_erect,5000828.jpg
rls_RRH,Sponges_erect,5138779.jpg
rls_RRH,Sponges_erect,8372251.jpg
rls_RRH,Sponges_erect,8372258.jpg
rls_RRH,Sponges_hollow,1057733.jpg
rls_RRH,Sponges_hollow,1117145.jpg
rls_RRH,Sponges_hollow,1394335.jpg
rls_RRH,Sponges_hollow,8372249.jpg
rls_RRH,Sponges_hollow,8372250.jpg
rls_RRH,Sponges_massive,1095846.jpg
rls_RRH,Sponges_massive,1095847.jpg
rls_RRH,Sponges_massive,1095863.jpg
rls_RRH,Sponges_massive,4998835.jpg
rls_RRH,Sponges_massive,8372281.jpg
rls_RRH,Turfing_algae,1057720.jpg
rls_RRH,Turfing_algae,1057729.jpg
rls_RRH,Turfing_algae,1057739.jpg
rls_RRH,Turfing_algae,1057776.jpg
rls_RRH,Turfing_algae,1057788.jpg
rls_RRH,Turfing_algae,1058685.jpg
rls_RRH,Turfing_algae,1095836.jpg
rls_RRH,Turfing_algae,1095889.jpg
rls_RRH,Turfing_algae,1128503.jpg
rls_RRH,Undaria_pinnatifida,1205812.jpg
rls_RRH,Xiphophora_gladiata,14307022.jpg
rls_RRH,Zonaria,1057762.jpg
rls_RRH,Zonaria,1057796.jpg
rls_RRH,Zonaria,14307053.jpg
rls_RRH,Zonaria,14307055.jpg
rls_RRH,Zonaria,4998942.jpg
rls_catalogue,Ahermatypic_corals,1095916.jpg
rls_catalogue,Ahermatypic_corals,1095920.jpg
rls_catalogue,Ahermatypic_corals,14522704.jpg
rls_catalogue,Ahermatypic_corals,8372212.jpg
rls_catalogue,Ascidians_stalked,1095892.jpg
rls_catalogue,Ascidians_stalked,1095915.jpg
rls_catalogue,Ascidians_stalked,1117460.jpg
rls_catalogue,Ascidians_stalked,4998838.jpg
rls_catalogue,Ascidians_stalked,5146398.jpg
rls_catalogue,Ascidians_unstalked,1057719.jpg
rls_catalogue,Ascidians_unstalked,1057778.jpg
rls_catalogue,Ascidians_unstalked,1095893.jpg
rls_catalogue,Ascidians_unstalked,1095909.jpg
rls_catalogue,Ascidians_unstalked,1095951.jpg
rls_catalogue,Ascidians_unstalked,1197535.jpg
rls_catalogue,Ascidians_unstalked,2005570.jpg
rls_catalogue,Ascidians_unstalked,3322146.jpg
rls_catalogue,Ascidians_unstalked,5142964.jpg
rls_catalogue,Bare_Rock,1057785.jpg
rls_catalogue,Bare_Rock,1182024.jpg
rls_catalogue,Bare_Rock,1544796.jpg
rls_catalogue,Bare_Rock,4998758.jpg
rls_catalogue,Bare_Rock,4998760.jpg
rls_catalogue,Barnacles,1122659.jpg
rls_catalogue,Black_&_Octocorals,8372282.jpg
rls_catalogue,Bottlebrush_Acropora_corals,1182025.jpg
rls_catalogue,Branching_Acropora,1067770.jpg
rls_catalogue,Branching_Acropora,1095906.jpg
rls_catalogue,Branching_Acropora,1128505.jpg
rls_catalogue,Branching_Acropora,1178707.jpg
rls_catalogue,Branching_Pocillopora,1057790.jpg
rls_catalogue,Branching_Pocillopora,1067744.jpg
rls_catalogue,Branching_Pocillopora,1095890.jpg
rls_catalogue,Branching_Pocillopora,1128640.jpg
rls_catalogue,Branching_Pocillopora,1128641.jpg
rls_catalogue,Branching_Pocillopora,1260712.jpg
rls_catalogue,Branching_Pocillopora,1593342.jpg
rls_catalogue,Branching_corals,1095879.jpg
rls_catalogue,Branching_corals,1095903.jpg
rls_catalogue,Branching_corals,1122633.jpg
rls_catalogue,Branching_corals,1181985.jpg
rls_catalogue,Branching_corals,1184104.jpg
rls_catalogue,Branching_corals,1184132.jpg
rls_catalogue,Branching_corals,5139937.jpg
rls_catalogue,Bryozoan_hard,1057738.jpg
rls_catalogue,Bryozoan_hard,1095922.jpg
rls_catalogue,Bryozoan_hard,1095926.jpg
rls_catalogue,Bryozoan_hard,3322147.jpg
rls_catalogue,Bryozoan_soft,1057734.jpg
rls_catalogue,Bryozoan_soft,1095921.jpg
rls_catalogue,Bryozoan_soft,1129621.jpg
rls_catalogue,Bryozoan_soft,14331198.jpg
rls_catalogue,Bryozoan_soft,5000831.jpg
rls_catalogue,Bryozoan_soft,8372274.jpg
rls_catalogue,Caulerpa,1057732.jpg
rls_catalogue,Caulerpa,1057782.jpg
rls_catalogue,Caulerpa,1057804.jpg
rls_catalogue,Caulerpa,1095843.jpg
rls_catalogue,Caulerpa,1095845.jpg
rls_catalogue,Caulerpa,1095931.jpg
rls_catalogue,Caulerpa,1524508.jpg
rls_catalogue,Caulerpa,2028845.jpg
rls_catalogue,Caulerpa,5001417.jpg
rls_catalogue,Cobble,4986563.jpg
rls_catalogue,Cobble,4998761.jpg
rls_catalogue,Colonial_anemones_and_corallimorphs,1057793.jpg
rls_catalogue,Colonial_anemones_and_corallimorphs,1095913.jpg
rls_catalogue,Colonial_anemones_and_corallimorphs,1165939.jpg
rls_catalogue,Colonial_anemones_and_corallimorphs,1404562.jpg
rls_catalogue,Columnar_corals,1095877.jpg
rls_catalogue,Columnar_corals,1128638.jpg
rls_catalogue,Columnar_corals,1128639.jpg
rls_catalogue,Columnar_corals,1183951.jpg
rls_catalogue,Coral_rubble,1057773.jpg
rls_catalogue,Coral_rubble,1240430.jpg
rls_catalogue,Coral_rubble_w_turf_or_encrusting,1182013.jpg
rls_catalogue,Coral_rubble_w_turf_or_encrusting,1194597.jpg
rls_catalogue,Coral_rubble_w_turf_or_encrusting,1194598.jpg
rls_catalogue,Coral_rubble_w_turf_or_encrusting,1201410.jpg
rls_catalogue,Coral_rubble_w_turf_or_encrusting,1240431.jpg
rls_catalogue,Coral_rubble_w_turf_or_encrusting,1394334.jpg
rls_catalogue,Corymbose_Acropora_corals,1095878.jpg
rls_catalogue,Corymbose_Acropora_corals,1095900.jpg
rls_catalogue,Corymbose_Acropora_corals,1182028.jpg
rls_catalogue,Corymbose_Acropora_corals,1722514.jpg
rls_catalogue,Corymbose_Acropora_corals,1774445.jpg
rls_catalogue,Crustose_coralline_algae,1057721.jpg
rls_catalogue,Crustose_coralline_algae,1057728.jpg
rls_catalogue,Crustose_coralline_algae,1057735.jpg
rls_catalogue,Crustose_coralline_algae,1057743.jpg
rls_catalogue,Crustose_coralline_algae,1057765.jpg
rls_catalogue,Crustose_coralline_algae,1095838.jpg
rls_catalogue,Crustose_coralline_algae,1122631.jpg
rls_catalogue,Crustose_coralline_algae,4998762.jpg
rls_catalogue,Crustose_coralline_algae,4998945.jpg
rls_catalogue,Crustose_coralline_algae,5001375.jpg
rls_catalogue,Crustose_coralline_algae,8372231.jpg
rls_catalogue,Digitate_corals,1182030.jpg
rls_catalogue,Digitate_corals,1260738.jpg
rls_catalogue,Digitate_corals,1262820.jpg
rls_catalogue,Durvillaea,1128536.jpg
rls_catalogue,Durvillaea,1128537.jpg
rls_catalogue,Durvillaea,14306823.jpg
rls_catalogue,Ecklonia_radiata,1057688.jpg
rls_catalogue,Ecklonia_radiata,1057718.jpg
rls_catalogue,Ecklonia_radiata,1095839.jpg
rls_catalogue,Ecklonia_radiata,1138546.jpg
rls_catalogue,Ecklonia_radiata,1205816.jpg
rls_catalogue,Encrusting_corals,1057691.jpg
rls_catalogue,Encrusting_corals,1057722.jpg
rls_catalogue,Encrusting_corals,1095896.jpg
rls_catalogue,Encrusting_corals,1095902.jpg
rls_catalogue,Encrusting_corals,1165941.jpg
rls_catalogue,Encrusting_corals,1165944.jpg
rls_catalogue,Encrusting_corals,1183952.jpg
rls_catalogue,Encrusting_corals,1183958.jpg
rls_catalogue,Encrusting_corals,1220562.jpg
rls_catalogue,Encrusting_corals,5138781.jpg
rls_catalogue,Encrusting_corals,9852139.jpg
rls_catalogue,Encrusting_leathery_algae,1057741.jpg
rls_catalogue,Encrusting_leathery_algae,1057764.jpg
rls_catalogue,Encrusting_leathery_algae,1073254.jpg
rls_catalogue,Encrusting_leathery_algae,1095888.jpg
rls_catalogue,Encrusting_leathery_algae,4975436.jpg
rls_catalogue,Encrusting_leathery_algae,4998946.jpg
rls_catalogue,Encrusting_leathery_algae,4998947.jpg
rls_catalogue,Encrusting_leathery_algae,8721121.jpg
rls_catalogue,Filamentous_brown_algae_epiphyte,1057714.jpg
rls_catalogue,Filamentous_brown_algae_epiphyte,1128395.jpg
rls_catalogue,Filamentous_brown_algae_epiphyte,1128402.jpg
rls_catalogue,Filamentous_brown_algae_epiphyte,1128504.jpg
rls_catalogue,Filamentous_brown_algae_epiphyte,14307033.jpg
rls_catalogue,Filamentous_green_algae_epiphyte,1128481.jpg
rls_catalogue,Filamentous_green_algae_epiphyte,1128493.jpg
rls_catalogue,Filamentous_red_algae_epiphyte,1117432.jpg
rls_catalogue,Filamentous_red_algae_epiphyte,1128492.jpg
rls_catalogue,Filamentous_red_algae_epiphyte,1138438.jpg
rls_catalogue,Foliose_or_Plate_corals,1088685.jpg
rls_catalogue,Foliose_or_Plate_corals,1095876.jpg
rls_catalogue,Foliose_or_Plate_corals,1095897.jpg
rls_catalogue,Foliose_or_Plate_corals,1131711.jpg
rls_catalogue,Foliose_or_Plate_corals,1184131.jpg
rls_catalogue,Geniculate_coralline_algae,1057713.jpg
rls_catalogue,Geniculate_coralline_algae,1057797.jpg
rls_catalogue,Geniculate_coralline_algae,1057801.jpg
rls_catalogue,Geniculate_coralline_algae,1129622.jpg
rls_catalogue,Geniculate_coralline_algae,1201109.jpg
rls_catalogue,Geniculate_coralline_algae,5000798.jpg
rls_catalogue,Geniculate_coralline_algae,5000799.jpg
rls_catalogue,Geniculate_coralline_algae,5000800.jpg
rls_catalogue,Geniculate_coralline_algae,8372248.jpg
rls_catalogue,Green_calcified_algae_Halimeda,1057725.jpg
rls_catalogue,Green_calcified_algae_Halimeda,1524505.jpg
rls_catalogue,Green_calcified_algae_Halimeda,5138720.jpg
rls_catalogue,Heliopora_coerulea_blue_coral,1057726.jpg
rls_catalogue,Heliopora_coerulea_blue_coral,1095891.jpg
rls_catalogue,Heliopora_coerulea_blue_coral,1390408.jpg
rls_catalogue,Heliopora_coerulea_blue_coral,1390436.jpg
rls_catalogue,Hydrocoral,1117372.jpg
rls_catalogue,Hydrocoral,8792569.jpg
rls_catalogue,Hydroids,1095911.jpg
rls_catalogue,Hydroids,1095912.jpg
rls_catalogue,Hydroids,1095914.jpg
rls_catalogue,Hydroids,1128509.jpg
rls_catalogue,Hydroids,1219866.jpg
rls_catalogue,Large_brown_laminarian_kelps,1095930.jpg
rls_catalogue,Large_brown_laminarian_kelps,1205812.jpg
rls_catalogue,Large_polyp_stony_corals,1095948.jpg
rls_catalogue,Large_polyp_stony_corals,1128508.jpg
rls_catalogue,Large_polyp_stony_corals,1178708.jpg
rls_catalogue,Macrocystis,1057746.jpg
rls_catalogue,Macrocystis,14307029.jpg
rls_catalogue,Macrocystis,14307030.jpg
rls_catalogue,Macrocystis,14522280.jpg
rls_catalogue,Macrocystis,14522281.jpg
rls_catalogue,Massive_corals,1057723.jpg
rls_catalogue,Massive_corals,1088721.jpg
rls_catalogue,Massive_corals,1095885.jpg
rls_catalogue,Massive_corals,1095886.jpg
rls_catalogue,Massive_corals,1095949.jpg
rls_catalogue,Massive_corals,1182026.jpg
rls_catalogue,Medium_foliose_brown_algae,1057762.jpg
rls_catalogue,Medium_foliose_brown_algae,1057796.jpg
rls_catalogue,Medium_foliose_brown_algae,1095835.jpg
rls_catalogue,Medium_foliose_brown_algae,1117458.jpg
rls_catalogue,Medium_foliose_brown_algae,1117459.jpg
rls_catalogue,Medium_foliose_brown_algae,1117840.jpg
rls_catalogue,Medium_foliose_brown_algae,1128506.jpg
rls_catalogue,Medium_foliose_brown_algae,1128507.jpg
rls_catalogue,Medium_foliose_brown_algae,1149319.jpg
rls_catalogue,Medium_foliose_brown_algae,1205814.jpg
rls_catalogue,Medium_foliose_brown_algae,1262717.jpg
rls_catalogue,Medium_foliose_brown_algae,2029151.jpg
rls_catalogue,Medium_foliose_brown_algae,4998941.jpg
rls_catalogue,Medium_foliose_brown_algae,4998942.jpg
rls_catalogue,Medium_foliose_brown_algae,5000830.jpg
rls_catalogue,Medium_foliose_green_algae,1057758.jpg
rls_catalogue,Medium_foliose_green_algae,1057800.jpg
rls_catalogue,Medium_foliose_green_algae,1128496.jpg
rls_catalogue,Medium_foliose_green_algae,1205815.jpg
rls_catalogue,Medium_foliose_red_algae,1057742.jpg
rls_catalogue,Medium_foliose_red_algae,1057759.jpg
rls_catalogue,Medium_foliose_red_algae,1057763.jpg
rls_catalogue,Medium_foliose_red_algae,1057772.jpg
rls_catalogue,Medium_foliose_red_algae,1057802.jpg
rls_catalogue,Medium_foliose_red_algae,1058687.jpg
rls_catalogue,Medium_foliose_red_algae,1095895.jpg
rls_catalogue,Medium_foliose_red_algae,1128510.jpg
rls_catalogue,Medium_foliose_red_algae,1129623.jpg
rls_catalogue,Medium_foliose_red_algae,1205817.jpg
rls_catalogue,Medium_foliose_red_algae,1205868.jpg
rls_catalogue,Medium_foliose_red_algae,14307028.jpg
rls_catalogue,Medium_foliose_red_algae,14331196.jpg
rls_catalogue,Medium_foliose_red_algae,14331197.jpg
rls_catalogue,Medium_foliose_red_algae,2013564.jpg
rls_catalogue,Medium_foliose_red_algae,4986560.jpg
rls_catalogue,Medium_foliose_red_algae,4986562.jpg
rls_catalogue,Medium_foliose_red_algae,4986564.jpg
rls_catalogue,Medium_foliose_red_algae,4986565.jpg
rls_catalogue,Medium_foliose_red_algae,4998833.jpg
rls_catalogue,Medium_foliose_red_algae,5001350.jpg
rls_catalogue,Medium_foliose_red_algae,8372267.jpg
rls_catalogue,Organ-pipe_coral_Tubipora,1184060.jpg
rls_catalogue,Organ-pipe_coral_Tubipora,1184071.jpg
rls_catalogue,Organ-pipe_coral_Tubipora,6587046.jpg
rls_catalogue,Other_fucoids,1057715.jpg
rls_catalogue,Other_fucoids,1057716.jpg
rls_catalogue,Other_fucoids,1057717.jpg
rls_catalogue,Other_fucoids,1057760.jpg
rls_catalogue,Other_fucoids,1057761.jpg
rls_catalogue,Other_fucoids,1058684.jpg
rls_catalogue,Other_fucoids,1095840.jpg
rls_catalogue,Other_fucoids,1095841.jpg
rls_catalogue,Other_fucoids,1095928.jpg
rls_catalogue,Other_fucoids,1122687.jpg
rls_catalogue,Other_fucoids,1138437.jpg
rls_catalogue,Other_fucoids,1138552.jpg
rls_catalogue,Other_fucoids,1205813.jpg
rls_catalogue,Other_fucoids,2028759.jpg
rls_catalogue,Other_fucoids,5001351.jpg
rls_catalogue,Other_fucoids,8000354.jpg
rls_catalogue,Pebbles_or_gravel_or_shell,1057787.jpg
rls_catalogue,Pebbles_or_gravel_or_shell,1128495.jpg
rls_catalogue,Pebbles_or_gravel_or_shell,4986566.jpg
rls_catalogue,Pebbles_or_gravel_or_shell,4986567.jpg
rls_catalogue,Phyllospora,1057744.jpg
rls_catalogue,Phyllospora,1057745.jpg
rls_catalogue,Phyllospora,1057789.jpg
rls_catalogue,Phyllospora,14307020.jpg
rls_catalogue,Phyllospora,14307021.jpg
rls_catalogue,Polychaete,1095918.jpg
rls_catalogue,Polychaete,11771872.jpg
rls_catalogue,Polychaete,1632083.jpg
rls_catalogue,Sand,1057780.jpg
rls_catalogue,Seagrass_Halophila,1117586.jpg
rls_catalogue,Seagrass_Halophila,1117812.jpg
rls_catalogue,Seagrass_straplike,1057805.jpg
rls_catalogue,Seagrass_straplike,1095932.jpg
rls_catalogue,Seagrass_straplike,1128396.jpg
rls_catalogue,Seagrass_straplike,1996586.jpg
rls_catalogue,Seagrass_straplike,8177053.jpg
rls_catalogue,Sessile_bivalves,1122629.jpg
rls_catalogue,Sessile_bivalves,1128494.jpg
rls_catalogue,Sessile_bivalves,1165938.jpg
rls_catalogue,Sessile_bivalves,1184130.jpg
rls_catalogue,Slime_not_trapping_sediment,1066634.jpg
rls_catalogue,Slime_not_trapping_sediment,1095887.jpg
rls_catalogue,Slime_not_trapping_sediment,1200957.jpg
rls_catalogue,Slime_not_trapping_sediment,1201008.jpg
rls_catalogue,Slime_not_trapping_sediment,1205382.jpg
rls_catalogue,Slime_not_trapping_sediment,4832502.jpg
rls_catalogue,Slime_not_trapping_sediment,5001416.jpg
rls_catalogue,Slime_not_trapping_sediment,5138719.jpg
rls_catalogue,Slime_not_trapping_sediment,5143343.jpg
rls_catalogue,Slime_not_trapping_sediment,5143344.jpg
rls_catalogue,Small_foliose_turfing_algae,1116750.jpg
rls_catalogue,Small_foliose_turfing_algae,4998948.jpg
rls_catalogue,Soft_corals_and_gorgonians,1057727.jpg
rls_catalogue,Soft_corals_and_gorgonians,1057730.jpg
rls_catalogue,Soft_corals_and_gorgonians,1057792.jpg
rls_catalogue,Soft_corals_and_gorgonians,1057794.jpg
rls_catalogue,Soft_corals_and_gorgonians,1057799.jpg
rls_catalogue,Soft_corals_and_gorgonians,1057803.jpg
rls_catalogue,Soft_corals_and_gorgonians,1088768.jpg
rls_catalogue,Soft_corals_and_gorgonians,1095874.jpg
rls_catalogue,Soft_corals_and_gorgonians,1095910.jpg
rls_catalogue,Soft_corals_and_gorgonians,1181984.jpg
rls_catalogue,Soft_corals_and_gorgonians,1183071.jpg
rls_catalogue,Soft_corals_and_gorgonians,1184077.jpg
rls_catalogue,Soft_corals_and_gorgonians,14522365.jpg
rls_catalogue,Soft_corals_and_gorgonians,14522366.jpg
rls_catalogue,Soft_corals_and_gorgonians,14522367.jpg
rls_catalogue,Soft_corals_and_gorgonians,2043215.jpg
rls_catalogue,Soft_corals_and_gorgonians,4998827.jpg
rls_catalogue,Soft_corals_and_gorgonians,4998837.jpg
rls_catalogue,Soft_corals_and_gorgonians,5000829.jpg
rls_catalogue,Soft_corals_and_gorgonians,5001376.jpg
rls_catalogue,Soft_corals_and_gorgonians,5075496.jpg
rls_catalogue,Soft_corals_and_gorgonians,5146399.jpg
rls_catalogue,Soft_corals_and_gorgonians,6587049.jpg
rls_catalogue,Soft_corals_and_gorgonians,8372275.jpg
rls_catalogue,Soft_corals_and_gorgonians,8372280.jpg
rls_catalogue,Solitary_Anemones,1095923.jpg
rls_catalogue,Solitary_Anemones,1128497.jpg
rls_catalogue,Solitary_Anemones,1165940.jpg
rls_catalogue,Solitary_Anemones,8372219.jpg
rls_catalogue,Sponges_encrusting,1057757.jpg
rls_catalogue,Sponges_encrusting,1095925.jpg
rls_catalogue,Sponges_encrusting,1095929.jpg
rls_catalogue,Sponges_encrusting,1095953.jpg
rls_catalogue,Sponges_encrusting,1260815.jpg
rls_catalogue,Sponges_encrusting,4998943.jpg
rls_catalogue,Sponges_encrusting,4998944.jpg
rls_catalogue,Sponges_encrusting,5000827.jpg
rls_catalogue,Sponges_encrusting,5138780.jpg
rls_catalogue,Sponges_encrusting,5142963.jpg
rls_catalogue,Sponges_encrusting,8372225.jpg
rls_catalogue,Sponges_encrusting,8372257.jpg
rls_catalogue,Sponges_encrusting,8372276.jpg
rls_catalogue,Sponges_encrusting,8571235.jpg
rls_catalogue,Sponges_erect,1057740.jpg
rls_catalogue,Sponges_erect,1057779.jpg
rls_catalogue,Sponges_erect,1088805.jpg
rls_catalogue,Sponges_erect,1095842.jpg
rls_catalogue,Sponges_erect,1095894.jpg
rls_catalogue,Sponges_erect,1394336.jpg
rls_catalogue,Sponges_erect,4998834.jpg
rls_catalogue,Sponges_erect,4998836.jpg
rls_catalogue,Sponges_erect,5000828.jpg
rls_catalogue,Sponges_erect,5138779.jpg
rls_catalogue,Sponges_erect,8372251.jpg
rls_catalogue,Sponges_erect,8372258.jpg
rls_catalogue,Sponges_hollow,1057733.jpg
rls_catalogue,Sponges_hollow,1117145.jpg
rls_catalogue,Sponges_hollow,1394335.jpg
rls_catalogue,Sponges_hollow,8372249.jpg
rls_catalogue,Sponges_hollow,8372250.jpg
rls_catalogue,Sponges_massive,1095846.jpg
rls_catalogue,Sponges_massive,1095847.jpg
rls_catalogue,Sponges_massive,1095863.jpg
rls_catalogue,Sponges_massive,4998835.jpg
rls_catalogue,Sponges_massive,8372281.jpg
rls_catalogue,Sub-massive_corals,1057775.jpg
rls_catalogue,Sub-massive_corals,1095904.jpg
rls_catalogue,Sub-massive_corals,1095905.jpg
rls_catalogue,Sub-massive_corals,1122686.jpg
rls_catalogue,Sub-massive_corals,1182081.jpg
rls_catalogue,Sub-massive_corals,1205354.jpg
rls_catalogue,Sub-massive_corals,5142966.jpg
rls_catalogue,Tabular_Acropora_corals,1057689.jpg
rls_catalogue,Tabular_Acropora_corals,1183024.jpg
rls_catalogue,Tabular_Acropora_corals,1260739.jpg
rls_catalogue,Tabular_Acropora_corals,1722433.jpg
rls_catalogue,Tabular_Acropora_corals,1774444.jpg
rls_catalogue,Turfing_algae,1057720.jpg
rls_catalogue,Turfing_algae,1057729.jpg
rls_catalogue,Turfing_algae,1057739.jpg
rls_catalogue,Turfing_algae,1057776.jpg
rls_catalogue,Turfing_algae,1057788.jpg
rls_catalogue,Turfing_algae,1058685.jpg
rls_catalogue,Turfing_algae,1095836.jpg
rls_catalogue,Turfing_algae,1095889.jpg
rls_catalogue,Turfing_algae,1128503.jpg
